{
    "4_finger_frame": [],
    "axle_4_gear_together_mir_child": [],
    "finger_v2_with_motor_child": [[-0.00435305, 0.02646578, 0.03287181], [-0.01249868, 0.02646578, 0.03340263], [-0.00469906, 0.02646577, 0.02788304], [-0.01268796, 0.02646579, 0.02834041], [-0.00423984, 0.02646578, 0.02232182], [-0.01341871, 0.02646578, 0.02244094], [-0.00361344, 0.02625805, 0.01579432], [-0.01409204, 0.02617879, 0.01552261], [-0.00305558, 0.02445423, 0.00989043], [-0.01434255, 0.02438333, 0.00955005]],
    "pip_dip_soft_parts_child": [[-0.003664952, 0.023721127, 0.0050573191], [-0.014124269, 0.023741925, 0.0052721607], [-0.0036690929, 0.024922391, -0.00055342336], [-0.014308126, 0.024670318, -0.00021904788], [-0.0036522979, 0.025727373, -0.0018742398], [-0.014168767, 0.02570365, -0.0017894438], [-0.0035899009, 0.025623597, -0.0037103808], [-0.014168836, 0.025582967, -0.0039173728], [-0.00326962, 0.024673941, -0.0060145208], [-0.014391489, 0.024470674, -0.0061733653], [-0.0027421096, 0.022638945, -0.0070257722], [-0.014757532, 0.022580314, -0.0070519024], [-0.0022896032, 0.019365992, -0.010506205], [-0.015317201, 0.019207928, -0.010843931]],
    "dip_tip_soft_upward_cut_child": [[-0.013397403, 0.0072427238, -0.040670127], [-0.0051761493, 0.0070671537, -0.040705007], [-0.013571404, 0.0088948803, -0.03949571], [-0.0050491728, 0.0088510709, -0.039560232], [-0.013941419, 0.011262588, -0.034657743], [-0.0043962183, 0.011247275, -0.034689371], [-0.014446259, 0.013758296, -0.029499233], [-0.0040962063, 0.013770172, -0.029474705], [-0.014743547, 0.016303927, -0.023263058], [-0.0033669393, 0.016404938, -0.022378966], [-0.015331041, 0.017102348, -0.01542384], [-0.0027020501, 0.017317034, -0.014956111], [-0.017165013, 0.0071464689, -0.038466349], [-0.016890338, 0.01068964, -0.03410456], [-0.01704878, 0.012892067, -0.029548682], [-0.017405927, 0.01541191, -0.022650603], [-0.01776286, 0.012062646, -0.019537199], [-0.017532095, 0.0098439958, -0.026690181], [-0.017359819, 0.0082414178, -0.032055978], [-0.0010310318, 0.0084626554, -0.038986929], [-0.00087341428, 0.010649483, -0.034470115], [-0.0003489606, 0.0074290717, -0.033361893], [-0.00073466171, 0.013148988, -0.029394902], [-0.00016826663, 0.0094816722, -0.027922109], [-0.0004395592, 0.015666109, -0.02280543], [6.3112413e-05, 0.011877998, -0.020843336]],
    "axle_4_gear_together_mir_2_child": [],
    "finger_v2_with_motor_2_child": [[-0.00435305, 0.02646578, 0.03287181], [-0.01249868, 0.02646578, 0.03340263], [-0.00469906, 0.02646577, 0.02788304], [-0.01268796, 0.02646579, 0.02834041], [-0.00423984, 0.02646578, 0.02232182], [-0.01341871, 0.02646578, 0.02244094], [-0.00361344, 0.02625805, 0.01579432], [-0.01409204, 0.02617879, 0.01552261], [-0.00305558, 0.02445423, 0.00989043], [-0.01434255, 0.02438333, 0.00955005]],
    "pip_dip_soft_parts_2_child": [[-0.003664952, 0.023721127, 0.0050573191], [-0.014124269, 0.023741925, 0.0052721607], [-0.0036690929, 0.024922391, -0.00055342336], [-0.014308126, 0.024670318, -0.00021904788], [-0.0036522979, 0.025727373, -0.0018742398], [-0.014168767, 0.02570365, -0.0017894438], [-0.0035899009, 0.025623597, -0.0037103808], [-0.014168836, 0.025582967, -0.0039173728], [-0.00326962, 0.024673941, -0.0060145208], [-0.014391489, 0.024470674, -0.0061733653], [-0.0027421096, 0.022638945, -0.0070257722], [-0.014757532, 0.022580314, -0.0070519024], [-0.0022896032, 0.019365992, -0.010506205], [-0.015317201, 0.019207928, -0.010843931]],
    "dip_tip_soft_upward_cut_2_child": [[-0.013397403, 0.0072427238, -0.040670127], [-0.0051761493, 0.0070671537, -0.040705007], [-0.013571404, 0.0088948803, -0.03949571], [-0.0050491728, 0.0088510709, -0.039560232], [-0.013941419, 0.011262588, -0.034657743], [-0.0043962183, 0.011247275, -0.034689371], [-0.014446259, 0.013758296, -0.029499233], [-0.0040962063, 0.013770172, -0.029474705], [-0.014743547, 0.016303927, -0.023263058], [-0.0033669393, 0.016404938, -0.022378966], [-0.015331041, 0.017102348, -0.01542384], [-0.0027020501, 0.017317034, -0.014956111], [-0.017165013, 0.0071464689, -0.038466349], [-0.016890338, 0.01068964, -0.03410456], [-0.01704878, 0.012892067, -0.029548682], [-0.017405927, 0.01541191, -0.022650603], [-0.01776286, 0.012062646, -0.019537199], [-0.017532095, 0.0098439958, -0.026690181], [-0.017359819, 0.0082414178, -0.032055978], [-0.0010310318, 0.0084626554, -0.038986929], [-0.00087341428, 0.010649483, -0.034470115], [-0.0003489606, 0.0074290717, -0.033361893], [-0.00073466171, 0.013148988, -0.029394902], [-0.00016826663, 0.0094816722, -0.027922109], [-0.0004395592, 0.015666109, -0.02280543], [6.3112413e-05, 0.011877998, -0.020843336]],
    "axle_4_gear_together_child": [],
    "finger_v2_with_motor_3_child": [[-0.00435305, 0.02646578, 0.03287181], [-0.01249868, 0.02646578, 0.03340263], [-0.00469906, 0.02646577, 0.02788304], [-0.01268796, 0.02646579, 0.02834041], [-0.00423984, 0.02646578, 0.02232182], [-0.01341871, 0.02646578, 0.02244094], [-0.00361344, 0.02625805, 0.01579432], [-0.01409204, 0.02617879, 0.01552261], [-0.00305558, 0.02445423, 0.00989043], [-0.01434255, 0.02438333, 0.00955005]],
    "pip_dip_soft_parts_3_child": [[-0.003664952, 0.023721127, 0.0050573191], [-0.014124269, 0.023741925, 0.0052721607], [-0.0036690929, 0.024922391, -0.00055342336], [-0.014308126, 0.024670318, -0.00021904788], [-0.0036522979, 0.025727373, -0.0018742398], [-0.014168767, 0.02570365, -0.0017894438], [-0.0035899009, 0.025623597, -0.0037103808], [-0.014168836, 0.025582967, -0.0039173728], [-0.00326962, 0.024673941, -0.0060145208], [-0.014391489, 0.024470674, -0.0061733653], [-0.0027421096, 0.022638945, -0.0070257722], [-0.014757532, 0.022580314, -0.0070519024], [-0.0022896032, 0.019365992, -0.010506205], [-0.015317201, 0.019207928, -0.010843931]],
    "dip_tip_soft_upward_cut_3_child": [[-0.013397403, 0.0072427238, -0.040670127], [-0.0051761493, 0.0070671537, -0.040705007], [-0.013571404, 0.0088948803, -0.03949571], [-0.0050491728, 0.0088510709, -0.039560232], [-0.013941419, 0.011262588, -0.034657743], [-0.0043962183, 0.011247275, -0.034689371], [-0.014446259, 0.013758296, -0.029499233], [-0.0040962063, 0.013770172, -0.029474705], [-0.014743547, 0.016303927, -0.023263058], [-0.0033669393, 0.016404938, -0.022378966], [-0.015331041, 0.017102348, -0.01542384], [-0.0027020501, 0.017317034, -0.014956111], [-0.017165013, 0.0071464689, -0.038466349], [-0.016890338, 0.01068964, -0.03410456], [-0.01704878, 0.012892067, -0.029548682], [-0.017405927, 0.01541191, -0.022650603], [-0.01776286, 0.012062646, -0.019537199], [-0.017532095, 0.0098439958, -0.026690181], [-0.017359819, 0.0082414178, -0.032055978], [-0.0010310318, 0.0084626554, -0.038986929], [-0.00087341428, 0.010649483, -0.034470115], [-0.0003489606, 0.0074290717, -0.033361893], [-0.00073466171, 0.013148988, -0.029394902], [-0.00016826663, 0.0094816722, -0.027922109], [-0.0004395592, 0.015666109, -0.02280543], [6.3112413e-05, 0.011877998, -0.020843336]],
    "axle_4_gear_together_2_child": [],
    "finger_v2_with_motor_4_child": [[-0.00435305, 0.02646578, 0.03287181], [-0.01249868, 0.02646578, 0.03340263], [-0.00469906, 0.02646577, 0.02788304], [-0.01268796, 0.02646579, 0.02834041], [-0.00423984, 0.02646578, 0.02232182], [-0.01341871, 0.02646578, 0.02244094], [-0.00361344, 0.02625805, 0.01579432], [-0.01409204, 0.02617879, 0.01552261], [-0.00305558, 0.02445423, 0.00989043], [-0.01434255, 0.02438333, 0.00955005]],